{
  "_doc": "SMI SAXS calibration derived from z-grid scan b900e711-35a8-4dbc-8afa-2a1e20056608.  Generated by calibrate_smi_z_scan.py.",
  "source_uid": "b900e711-35a8-4dbc-8afa-2a1e20056608",
  "energy_ev": 16099.99500544827,
  "wavelength_nm": 0.07700884277171731,
  "active_beamstop": "pin",
  "scan_fixed_motor_x_mm": 60.00939220779221,
  "scan_fixed_motor_y_mm": 10.00030956316411,
  "regressions": {
    "bc_col": {
      "intercept": 1099.112285253018,
      "per_motor_z_mm": 0.000265381635019452,
      "per_piezo_z_um": -4.14541261729768e-06,
      "rms_px": 3.4543231628784765,
      "_note": "Fit AT motor_x=60.009, motor_y=10.000.  motor_x/y coefficients come from b0f165c4 grid scan."
    },
    "bc_row": {
      "intercept": 1170.9571757770668,
      "per_motor_z_mm": -0.0003495225566671567,
      "per_piezo_z_um": -5.2510418880782045e-06,
      "rms_px": 2.833400530412465
    },
    "sdd_mm": {
      "intercept": -13.675975355470328,
      "per_motor_z_mm": 0.9904785316878325,
      "per_piezo_z_um": 0.0009034997500222808,
      "rms_mm": 28.490726013169724
    }
  },
  "constants": {
    "_SAXS_DEFAULT_DISTANCE_DELTA_MM": -13.675975355470328,
    "_SAXS_BEAM_COL_PX_PER_MOTOR_Z_MM": 0.000265381635019452,
    "_SAXS_BEAM_ROW_PX_PER_MOTOR_Z_MM": -0.0003495225566671567,
    "_SAXS_SDD_DELTA_MM_PER_PIEZO_Z_UM": 0.0009034997500222808
  }
}