{
  "image_shape": [
    1679,
    1475
  ],
  "static_regions": {
    "gap_col_1": [
      [
        487,
        0
      ],
      [
        494,
        0
      ],
      [
        494,
        1679
      ],
      [
        487,
        1679
      ]
    ],
    "gap_col_2": [
      [
        981,
        0
      ],
      [
        988,
        0
      ],
      [
        988,
        1679
      ],
      [
        981,
        1679
      ]
    ],
    "gap_row_1": [
      [
        0,
        195
      ],
      [
        1475,
        195
      ],
      [
        1475,
        212
      ],
      [
        0,
        212
      ]
    ],
    "gap_row_2": [
      [
        0,
        407
      ],
      [
        1475,
        407
      ],
      [
        1475,
        424
      ],
      [
        0,
        424
      ]
    ],
    "gap_row_3": [
      [
        0,
        619
      ],
      [
        1475,
        619
      ],
      [
        1475,
        636
      ],
      [
        0,
        636
      ]
    ],
    "gap_row_4": [
      [
        0,
        831
      ],
      [
        1475,
        831
      ],
      [
        1475,
        848
      ],
      [
        0,
        848
      ]
    ],
    "gap_row_5": [
      [
        0,
        1043
      ],
      [
        1475,
        1043
      ],
      [
        1475,
        1060
      ],
      [
        0,
        1060
      ]
    ],
    "gap_row_6": [
      [
        0,
        1255
      ],
      [
        1475,
        1255
      ],
      [
        1475,
        1272
      ],
      [
        0,
        1272
      ]
    ],
    "gap_row_7": [
      [
        0,
        1467
      ],
      [
        1475,
        1467
      ],
      [
        1475,
        1484
      ],
      [
        0,
        1484
      ]
    ]
  },
  "beamstops": {
    "rod": {
      "polygon_offsets_from_beam": [
        [-14, -459],
        [14, -459],
        [14, 575],
        [-14, 575]
      ],
      "polygon": [
        [737.0, 648.0],
        [765.0, 648.0],
        [765.0, 1679.0],
        [737.0, 1679.0]
      ],
      "x_motor_key": "saxs_beamstop_x_rod_user_setpoint",
      "y_motor_key": "saxs_beamstop_y_rod_user_setpoint",
      "reference_mm": {
        "x": 6.800000000000011,
        "y": 3.440268
      },
      "pixels_per_mm": {
        "x": 5.813953488372093,
        "y": 5.813953488372093
      }
    },
    "pin": {
      "polygon_offsets_from_beam": [
        [
          [27.0, 0.0],
          [25.9, 6.8],
          [22.8, 12.9],
          [17.9, 17.8],
          [11.8, 20.9],
          [5.0, 22.0],
          [-1.8, 20.9],
          [-7.9, 17.8],
          [-12.8, 12.9],
          [-15.9, 6.8],
          [-17.0, 0.0],
          [-15.9, -6.8],
          [-12.8, -12.9],
          [-7.9, -17.8],
          [-1.8, -20.9],
          [5.0, -22.0],
          [11.8, -20.9],
          [17.9, -17.8],
          [22.8, -12.9],
          [25.9, -6.8]
        ],
        [
          [-12, 18],
          [20, 18],
          [11, 676],
          [-20, 676]
        ],
        [
          [-155, 572],
          [-13, 572],
          [-20, 676],
          [-155, 676]
        ],
        [
          [-95, 560],
          [85, 560],
          [85, 676],
          [-95, 676]
        ]
      ],
      "polygon": [
        [840.0, 1622.0],
        [860.0, 1622.0],
        [860.0, 1679.0],
        [840.0, 1679.0]
      ],
      "x_motor_key": "saxs_beamstop_x_pin_user_setpoint",
      "y_motor_key": "saxs_beamstop_y_pin_user_setpoint",
      "reference_mm": {
        "x": 0.000234,
        "y": 7.399999999999998
      },
      "pixels_per_mm": {
        "x": 5.813953488372093,
        "y": 5.813953488372093
      }
    }
  }
}